<?xml version="1.0" encoding="utf-8" ?>
<!DOCTYPE log4j:configuration SYSTEM "log4j.dtd">
<log4j:configuration xmlns:log4j="http://jakarta.apache.org/log4j/">
	<appender name="FILE"
		class="org.apache.log4j.RollingFileAppender">
		<!-- 设置通道file和输出方式：org.apache.log4j.DailyRollingFileAppender -->
		<param name="File" value="${myApp.root}/logs/ess.log" /><!-- 设置File参数：日志输出文件名 -->
		<param name="Append" value="true" /><!-- 设置是否在重新启动服务时，在原有日志的基础添加新日志 -->
		<!-- name="DatePattern" 配置这条信息是让日志每天自动生成，名字尾部追加日期格式，第一天生成的日志需第二天才能看到log
			可以通过更改系统时间来看日志的输出-->
		<!-- 
			<param name="DatePattern" value="'.'yyyy-MM-dd'.log'" />
		-->
		<!-- 最小日志级别 -->
		<param name="Threshold" value="error"/>
		<!-- 设置文件大小 -->
		<param name="MaxFileSize" value="50MB"/>
		<!-- 设置文件备份 -->
		<param name="MaxBackupIndex" value="10" />
		<layout class="org.apache.log4j.PatternLayout">
			<param name="ConversionPattern"
				value="%-d{yyyy-MM-dd HH:mm:ss} [CCMTrade] %p [%t]  %C.%M(%L) | %m%n" /><!-- 设置输出文件项目和格式 -->
		</layout>
	</appender>

	<appender name="STDOUT" class="org.apache.log4j.ConsoleAppender">
		<!-- 设置监视器输出方式 -->
		<layout class="org.apache.log4j.PatternLayout">
			<param name="ConversionPattern"
				value="%-d{yyyy-MM-dd HH:mm:ss} %-5p: %C.%M(%L) | %m%n" />
		</layout>
		<!--滤镜设置输出的级别-->
		<filter class="org.apache.log4j.varia.LevelRangeFilter">
			<param name="levelMin" value="debug" />
			<param name="levelMax" value="error" />
			<param name="AcceptOnMatch" value="true" />
		</filter>
	</appender>

	<root><!-- 设置接收所有输出的通道 -->
		<priority value="debug" />
		<appender-ref ref="FILE" /><!-- 与前面的通道id相对应 -->
		<appender-ref ref="STDOUT" />
	</root>

</log4j:configuration>
