<?xml version="1.0" encoding="UTF-8" ?> 

<!DOCTYPE mapper PUBLIC "-//mybatis.org//DTD Mapper 3.0//EN" 
"http://mybatis.org/dtd/mybatis-3-mapper.dtd">

<mapper namespace="com.jw.ess.mapper.ColorCodeMapper">

	<!-- 色号表的 列与实体类赋值关系映射 -->
	<resultMap type="ColorCode" id="ColorCodeMap">
		<id property="id" column="id" />
		<result property="name" column="colorCodeName" />
		<result property="desc" column="description" />
		<result property="isValid" column="isValid" />
	</resultMap>

	<!-- 插入一条色号信息 -->
	<insert id="insertColorCode" parameterType="ColorCode"
		useGeneratedKeys="true" keyProperty="id">
		insert into
		tbl_color_code(colorCodeName,description,isValid,tenantId)
		values
		(#{name}, #{desc}, #{isValid}, #{tenantId})
	</insert>

	<!-- 根据租户id查询该租户的所有色号信息 -->
	<select id="findAllColorCodes" parameterType="int"
		resultMap="ColorCodeMap">
		select id, colorCodeName, description, isValid from tbl_color_code where 11=11 and isValid = 1
	</select>

	<select id="findColorCode" parameterType="map" resultType="string">
		select colorCodeName from tbl_color_code where colorCodeName = #{colorCodeName} and 11=11
	</select>

</mapper>