<?xml version="1.0" encoding="UTF-8" ?> 
<!DOCTYPE mapper PUBLIC "-//mybatis.org//DTD Mapper 3.0//EN" 
"http://mybatis.org/dtd/mybatis-3-mapper.dtd">
<mapper namespace="com.jw.ess.mapper.DailySalesStatsMapper">
	<!-- 映射-->
	<resultMap type="SalesStats" id="dailySalesStatsMap">
		<result property="salesAmount" column="d_salesAmount" />
		<result property="salesDate" column="d_salesDate" />
		<result property="tenantId" column="d_tenantId" />
		<result property="employeeId" column="d_employeeId" />
	</resultMap>
	<!--重用sql语句段-->
	<sql id="dailySalesStatsColumns">
		salesAmount as d_salesAmount,
		salesDate as d_salesDate,
		tenantId as d_tenantId,
		employeeId as d_employeeId
	</sql>

	<insert id="insertStats" parameterType="SalesStats">
		insert into
		tbl_daily_sales_stats(salesAmount,salesDate,tenantId,employeeId)
		values(#{salesAmount},#{salesDate},#{tenantId},#{employeeId})
	</insert>

	<update id="updateStatss" parameterType="SalesStats">
		update tbl_daily_sales_stats
		set salesAmount=#{salesAmount}
		where employeeId = #{employeeId} and salesDate=#{salesDate}
	</update>

	<select id="findStatss" parameterType="java.util.Map" resultMap="dailySalesStatsMap">
		select
		<include refid="dailySalesStatsColumns" />
		from tbl_daily_sales_stats
		where employeeId=#{employeeId}
		<if test="beginDate >0">
			and salesDate >= #{beginDate}
		</if>
		<if test="endDate > 0">
			and #{endDate} >= salesDate
		</if>
		order by salesDate asc
	</select>
	
	<select id="findSales" resultMap="dailySalesStatsMap">
		select
		<include refid="dailySalesStatsColumns" />
		from tbl_daily_sales_stats
		where employeeId=#{employeeId}
		and salesDate = #{salesDate}
	</select>

</mapper>