<?xml version="1.0" encoding="UTF-8"?>
<!DOCTYPE mapper PUBLIC "-//mybatis.org//DTD Mapper 3.0//EN" 
"http://mybatis.org/dtd/mybatis-3-mapper.dtd">
<mapper namespace="com.jw.ess.mapper.FloorMapper">
	<!-- 地板类的插入 -->
	<insert id="insertFloor" parameterType="Floor" useGeneratedKeys="true"
		keyProperty="id">
		insert into tbl_floor
		(floorName,number,supplierId,categoryId,specId,colorCodeId,veinId,sellPrice,bookPrice,amountPrice,detailPrice,createdDate,isValid,description,tenantId)
		values
		(#{name},#{number},#{supplier.id},#{category.id},#{spec.id},#{colorCode.id},#{vein.id},#{sellPrice},#{bookPrice},#{amountPrice},#{detailPrice},#{createdDate},#{isValid},#{desc},#{tenant.id})
	</insert>

	<!-- 地板类的更新 -->
	<update id="updateFloor" parameterType="Floor">
		update tbl_floor set
		floorName = #{name},
		supplierId = #{supplier.id},
		categoryId = #{category.id},
		specId = #{spec.id},
		colorCodeId = #{colorCode.id},
		veinId = #{vein.id} ,
		sellPrice = #{sellPrice},
		bookPrice = #{bookPrice},
		amountPrice = #{amountPrice},
		detailPrice = #{detailPrice},
		description = #{desc}
		where id = #{id}
	</update>

	<select id="findFloorName" resultMap="FloorListMap" parameterType="java.util.Map">
		select 
			f.id as f_id,
			f.floorName as f_floorName
		from tbl_floor f
		where 
			f.floorName = #{floorName} and 11=11 
	</select>

	<select id="findFloorNameExcludeSelf" parameterType="java.util.Map"
		resultMap="FloorListMap">
		select f.id as f_id,
			f.floorName as f_floorName
		from tbl_floor f 
		where 11=11 and f.floorName = #{floorName} and f.id != #{floorId}
	</select>

	<!-- 统计同一Id下地板类的数量，用于分页 -->
	<select id="findCountOfFloor" parameterType="java.util.Map"
		resultType="int">
		select count(*) from
		tbl_floor
		where
		11=11
		<if test="specId > 0">
			and
			specId = #{specId}
		</if>
		<if test="veinId > 0">
			and
			veinId = #{veinId}
		</if>
		<if test="colorCodeId > 0">
			and
			colorCodeId = #{colorCodeId}
		</if>
		<if test="categoryId > 0">
			and
			categoryId = #{categoryId}
		</if>

	</select>

	<!-- 查询同一tenantId下的全部地板类 -->
	<select id="findFloorsByTenantId" resultMap="FloorPicPathMap"
		parameterType="Floor">
		select
		f.id as f_id,
		f.floorName as f_floorName,
		fp.picPath as fp_picPath,
		t.tenantName as t_tenantName
		from
		tbl_floor f
		join tbl_floor_picPath fp on f.id = fp.floorId
		join tbl_tenant t on t.id = f.tenantId
		where
		11=11
	</select>

	<!-- 通过Id查找地板类，用于默认的查询 -->
	<select id="findById" resultMap="FloorMap" parameterType="int">
		select
		f.id as f_id,
		f.floorName as f_floorName,
		f.sellPrice as f_sellPrice,
		f.bookPrice as f_bookPrice,
		f.amountPrice as f_amountPrice,
		f.detailPrice as f_detailPrice,
		f.description as f_description,
		f.number as f_number,
		s.id as s_id,
		s.supplierName as s_supplierName,
		c.id as c_id,
		c.categoryName as c_categoryName,
		sp.id as sp_id,
		sp.specName as sp_specName,
		cc.id as cc_id,
		cc.colorCodeName as cc_colorCodeName,
		v.id as v_id,
		v.veinName as v_veinName
		from tbl_floor f
		join tbl_supplier as s on s.id = f.supplierId
		join tbl_floor_category as c on c.id = f.categoryId
		join tbl_spec as sp on sp.id = f.specId
		join tbl_color_code as cc on cc.id = f.colorCodeId
		join tbl_vein as v on v.id = f.veinId
		where
		f.id = #{id}
	</select>


	<!-- Dynamic Query 动态条件查询 -->
	<select id="findFloors" resultMap="FloorListMap" parameterType="java.util.Map">
		select
		f.id as f_id,
		f.floorName as f_floorName,
		f.bookPrice as f_bookPrice,
		f.amountPrice as f_amountPrice,
		f.detailPrice as f_detailPrice,
		f.sellPrice as f_sellPrice
		from tbl_floor f
		where
		
		11=11
		<if test="floorName != null">
		    and
		    f.floorName like "%"#{floorName}"%"
		</if>
		
		<if test="specId>0">
			and
			f.specId = #{specId}
		</if>
		<if test="categoryId>0">
			and
			f.categoryId = #{categoryId}
		</if>
		<if test="veinId>0">
			and
			f.veinId = #{veinId}
		</if>
		<if test="colorCodeId>0">
			and
			f.colorCodeId = #{colorCodeId}
		</if>	
		limit #{beginIndex},#{pageSize}
	</select>

	<resultMap type="Floor" id="FloorPicPathMap">
		<id column="f_id" property="id" />
		<result column="f_floorName" property="name" />
		<!-- 填充租户 -->
		<association property="tenant" column="f_tenant" javaType="Tenant">
			<result property="name" column="t_tenantName" />
		</association>
		<collection property="picPath" ofType="PicPath" column="f_id">
			<result property="picPath" column="fp_picPath" />
		</collection>
	</resultMap>


	<resultMap type="Floor" id="FloorListMap">
		<id property="id" column="f_id" />
		<result property="name" column="f_floorName" />
		<result property="sellPrice" column="f_sellPrice"/>
	</resultMap>
	
	
	<resultMap type="Floor" id="FloorMap">
		<id property="id" column="f_id" />
		<result property="name" column="f_floorName" />
		<result property="number" column="f_number"/>
		<result property="desc" column="f_description"/>
		<result property="sellPrice" column="f_sellPrice"/>
		<result property="bookPrice" column="f_bookPrice"/>
		<result property="amountPrice" column="f_amountPrice"/>
		<result property="detailPrice" column="f_detailPrice"/>

		<!-- 填充Supplier -->
		<association property="supplier" column="f_supplierId"
			javaType="Supplier">
			<result property="id" column="s_id" />
			<result property="name" column="s_supplierName" />
		</association>

		<!--填充类别  -->
		<association property="category" column="f_categoryId"
			javaType="FloorCategory">
			<result property="id" column="c_id" />
			<result property="name" column="c_categoryName" />
		</association>

		<!-- 填充颜色 -->
		<association property="colorCode" column="f_colorCodeId"
			javaType="ColorCode">
			<result property="id" column="cc_id" />
			<result property="name" column="cc_colorCodeName" />
		</association>

		<!-- 填充纹理 -->
		<association property="vein" column="f_veinId" javaType="Vein">
			<result property="id" column="v_id" />
			<result property="name" column="v_veinName" />
		</association>

		<!-- 填充规格 -->
		<association property="spec" column="f_specId" javaType="Spec">
			<result property="id" column="sp_id" />
			<result property="name" column="sp_specName" />
		</association>
	</resultMap>
	

</mapper>