<?xml version="1.0" encoding="UTF-8" ?> 
<!DOCTYPE mapper PUBLIC "-//mybatis.org//DTD Mapper 3.0//EN" 
"http://mybatis.org/dtd/mybatis-3-mapper.dtd">
<mapper namespace="com.jw.ess.mapper.InStorageMapper">

   <resultMap type="InStorage" id="inStorageResultMap">
      <id property="id" column="id" />
      <result property="floor.id" column="floorId" />
      <result property="floor.name" column="floorName"/>
      <result property="length" column="length" />
      <result property="width" column="width" />
      <result property="quantity" column="quantity" />
      <result property="area" column="area" />
      <result property="price" column="price" />
      <result property="count" column="count" />
      <result property="operator" column="operator" />
      <result property="isValid" column="isValid" />
      <result property="createdDate" column="createdDate" />
      <result property="desc" column="description" />
      <result property="tenantId" column="tenantId" />
   </resultMap>
   
   <!-- 重用sql语句 -->
   
   <sql id="inStorageList">
      TIS.id AS id,
      TIS.floorId AS floorId,
      TIS.length AS length,
      TIS.width AS width,
      TIS.quantity AS quantity,
      TIS.area AS area,
      TIS.price AS price,
      TIS.count AS count,
      TIS.operator AS operator,
      TIS.description,
      TF.floorName AS floorName,
      TIS.createdDate AS createdDate
      from
      tbl_in_storage TIS
      inner join tbl_floor TF on TF.id = TIS.floorId
   </sql>
   
   <insert id="insertInStorage" parameterType="InStorage"
      useGeneratedKeys="true" keyProperty="id">
      insert into 
      tbl_in_storage
      (floorId,length,width,quantity,area,
      price,count,operator,isValid,createdDate,
      description,tenantId) 
      values
      (#{floor.id},#{length},#{width},#{quantity},
      #{area},#{price},#{count},#{operator},#{isValid},#{createdDate},
      #{desc},#{tenantId}) 
   </insert>
   
   <select id="findInStorageBy" parameterType="int" resultMap="inStorageResultMap">
      select <include refid="inStorageList"/>
      where
      TIS.id=#{id}
   </select>
   
   <update id="updateInStorage" parameterType="InStorage">
      update
      tbl_in_storage
      set
      length=#{length},
      width=#{width},quantity=#{quantity},area=#{area},
      price=#{price},count=#{count},operator=#{operator},
      description=#{desc}
      where
      id=#{id}
   </update>
   
  <select id="findCountOfInStorage" parameterType="java.util.Map" resultType="int">
      select
      count(*)
      from
      tbl_in_storage TIS
      inner join tbl_floor TF on TF.id = TIS.floorId
      where
      11=11
      <if test="firstDate > 0">
      and
      TIS.createdDate <![CDATA[>=]]> #{firstDate}
      </if>
      <if test="lastDate > 0"> 
      and
      TIS.createdDate <![CDATA[<=]]>#{lastDate} 
      </if>
      <if test="supplierId > 0">
      and
      TF.supplierId=#{supplierId}
      </if>
      <if test="categoryId > 0">
      and
      TF.categoryId=#{categoryId}
      </if>
      <if test="specId > 0">
      and
      TF.specId=#{specId}
      </if>
      <if test="colorCodeId > 0">
      and
      TF.colorCodeId=#{colorCodeId}
      </if>
      <if test="veinId > 0">
      and
      TF.veinId=#{veinId}
      </if>
   </select>
   
   <select id="findInStoragesBy" parameterType="java.util.Map" resultMap="inStorageResultMap">
      select <include refid="inStorageList"/>
      where
      11=11
      <if test="firstDate > 0">
      and
      TIS.createdDate <![CDATA[>=]]> #{firstDate}
      </if>
      <if test="lastDate > 0"> 
      and
      TIS.createdDate <![CDATA[<=]]> #{lastDate} 
      </if>
      <if test="supplierId > 0">
      and
      TF.supplierId=#{supplierId}
      </if>
      <if test="categoryId > 0">
      and
      TF.categoryId=#{categoryId}
      </if>
      <if test="specId > 0">
      and
      TF.specId=#{specId}
      </if>
      <if test="colorCodeId > 0">
      and
      TF.colorCodeId=#{colorCodeId}
      </if>
      <if test="veinId > 0">
      and
      TF.veinId=#{veinId}
      </if>
      limit #{beginIndex},#{pageSize}
   </select>
   
   <select id="findInStorages" parameterType="java.util.Map" resultMap="inStorageResultMap">
      select <include refid="inStorageList"/>
      where
      11=11
      limit #{beginIndex},#{pageSize}
   </select>
</mapper>