<?xml version="1.0" encoding="UTF-8" ?> 
<!DOCTYPE mapper PUBLIC "-//mybatis.org//DTD Mapper 3.0//EN" 
"http://mybatis.org/dtd/mybatis-3-mapper.dtd">
<mapper namespace="com.jw.ess.mapper.MonthlySalesStatsMapper">
	<!-- 映射-->
	<resultMap type="SalesStats" id="monthlySalesStatsMap">
		<result property="salesAmount" column="m_salesAmount" />
		<result property="salesDate" column="m_salesDate" />
		<result property="tenantId" column="m_tenantId" />
		<result property="employeeId" column="m_employeeId" />
	</resultMap>
	<!--重用sql语句段-->
	<sql id="monthlySalesStatsColumns">
		salesAmount as m_salesAmount,
		salesDate as m_salesDate,
		tenantId as m_tenantId,
		employeeId as m_employeeId
	</sql>
	
	<select id="findStats" parameterType="java.util.Map" resultMap="monthlySalesStatsMap">
	select
		<include refid="monthlySalesStatsColumns" />
		from tbl_monthly_sales_stats
		where employeeId=#{employeeId}
		<if test="beginDate > 0">
			and salesDate >= #{beginDate}
		</if>
		<if test="endDate > 0">
			and #{endDate} >= salesDate
		</if>
		order by salesDate asc
	</select>
	
	<insert id="insertStats" parameterType="SalesStats">
	    insert into
		tbl_monthly_sales_stats(tenantId,employeeId,salesAmount,salesDate)
		values(#{tenantId},#{employeeId},#{salesAmount},#{salesDate})
	</insert>
	
	<update id="updateStats" parameterType="SalesStats">
		update tbl_monthly_sales_stats
		set salesAmount=#{salesAmount}
		where employeeId = #{employeeId} and salesDate=#{salesDate}
	</update>
	
	<select id="findmonthlySales" resultMap="monthlySalesStatsMap">
		
		select
		<include refid="monthlySalesStatsColumns" />
		from tbl_monthly_sales_stats
		where employeeId=#{employeeId}
		and salesDate = #{salesDate}
	
	</select>
	
</mapper>