<?xml version="1.0" encoding="UTF-8" ?> 
<!DOCTYPE mapper PUBLIC "-//mybatis.org//DTD Mapper 3.0//EN" 
"http://mybatis.org/dtd/mybatis-3-mapper.dtd">
<mapper namespace="com.jw.ess.mapper.OrderItemMapper">
<resultMap id="ItemMap" type="OrderItem">
			<id column="id" javaType="int" property="id"/>
			<result column="orderId" property="orderId"/>
			<result column="sellPrice" property="sellPrice"/>
			<result column="area" property="area"/>
			<result column="amount" property="amount"/>
			<result column="floorId" property="floor.id"/>
	</resultMap>
	<insert id="insertOrderItem" parameterType="OrderItem"
		useGeneratedKeys="true" keyProperty="id">
		insert into
		tbl_order_item(orderId,floorId,sellPrice,area,amount)
		values(#{orderId},#{floor.id},#{sellPrice},#{area},#{amount})
	</insert>
	
	<select id="findItemsByOrderId" parameterType="int" resultMap="ItemMap">
	   select *
       from tbl_order_item where orderId = #{orderId}
	</select> 
	
	<update id="deleteItems" parameterType="java.util.HashMap" >
		delete from tbl_order_item where orderId = #{orderId} 
	</update>
	
	<update id="updateItems" parameterType="java.util.HashMap" >
		UPDATE  tbl_order_item set area = ${area} , amount=${amount} where orderId = #{orderId} and floorId = ${floorId}
	</update>
</mapper>