<?xml version="1.0" encoding="UTF-8" ?> 

<!DOCTYPE mapper PUBLIC "-//mybatis.org//DTD Mapper 3.0//EN" 
"http://mybatis.org/dtd/mybatis-3-mapper.dtd">

<mapper namespace="com.jw.ess.mapper.SpecMapper">

	<!-- 规格表的 列与实体类赋值关系映射 -->
	<resultMap type="Spec" id="SpecMap">
		<id property="id" column="id" />
		<result property="name" column="specName" />
		<result property="desc" column="description" />
		<result property="isValid" column="isValid" />
	</resultMap>

	<!-- 插入一条规格信息 -->
	<insert id="insertSpec" parameterType="Spec" useGeneratedKeys="true"
		keyProperty="id">
		insert into
		tbl_spec(specName,description,isValid,tenantId)
		values
		(#{name},
		#{desc}, #{isValid}, #{tenantId})
	</insert>

	<!-- 根据租户id查询该租户的所有规格信息 -->
	<select id="findAllSpecs" parameterType="integer" resultMap="SpecMap">
		select id, specName, description, isValid from tbl_spec where 11=11 and isValid = 1
	</select>

	<select id="findSpecName" parameterType="map" resultType="string">
		select specName from tbl_spec where specName = #{specName} and 11=11
	</select>
</mapper>