<?xml version="1.0" encoding="UTF-8" ?> 
<!DOCTYPE mapper PUBLIC "-//mybatis.org//DTD Mapper 3.0//EN" 
"http://mybatis.org/dtd/mybatis-3-mapper.dtd">
<mapper namespace="com.jw.ess.mapper.StorageInfoMapper">

   <resultMap type="StorageInfo" id="storageInfoResultMap">
      <result property="storage.floor.id" column="floorId"/>
      <result property="countInStorage" column="countInStorage"/>
      <result property="countOrder" column="countOrder"/>
      <result property="countOrderCancel" column="countOrderCancel"/>
   </resultMap>
   
   <insert id="insertStorageInfo" parameterType="map">
      insert into 
      tbl_storage_info 
      (floorId,countInStorage,countOrder,countOrderCancel) 
      values 
      (#{floorId},#{countInStorage},#{countOrder},#{countOrderCancel});
   </insert>
   
   <update id="updateCountInStorage" parameterType="map">
      update 
      tbl_storage_info 
      set 
      countInStorage = countInStorage+#{countInStorage}
      where 
      floorId = #{floorId}
   </update>
   
   <update id="updateCountOrder" parameterType="map">
      update 
      tbl_storage_info 
      set 
      countOrder=countOrder+#{countOrder} 
      where 
      floorId=#{floorId}
   </update>
   
   <update id="updateCountOrderCancel" parameterType="map">
      update 
      tbl_storage_info 
      set 
      countOrderCancel=countOrderCancel+#{countOrderCancel} 
      where 
      floorId=#{floorId}
   </update>
   
   <select id="findStorageInfoBy" parameterType="int" resultMap="storageInfoResultMap">
      select 
      floorId,
      countInStorage,
      countOrder,
      countOrderCancel
      from
      tbl_storage_info
      where
      floorId = #{floorId}
   </select>
</mapper>