<?xml version="1.0" encoding="UTF-8" ?> 
<!DOCTYPE mapper PUBLIC "-//mybatis.org//DTD Mapper 3.0//EN" 
"http://mybatis.org/dtd/mybatis-3-mapper.dtd">
<mapper namespace="com.jw.ess.mapper.StorageMapper">

   <resultMap type="StorageInfo" id="storageInfoResultMap">
   
       <result property="countInStorage" column="countInStorage" javaType="int"/>
       <result property="countOrder" column="countOrder" javaType="int"/>
       <result property="countOrderCancel" column="countOrderCancel" javaType="int"/>
      
       <association property="storage" javaType="Storage">
       	  <id property="id" column="storage_id"/>
   	  	  <result property="area" column="storage_area" />
    	  <result property="count" column="storage_count" />
     	  <result property="tenantId" column="storage_tenantId" />
     	  
     	   <association property="floor" javaType="Floor">
	          <id property="id" column="storage_floorId"/>
	          <result property="number" column="floor_number"/>
	          <result property="name" column="floor_name"/>
	          <result property="sellPrice" column="floor_sellPrice"/>
	       </association>
	       
	       <association property="spec" javaType="Spec">
	    	  <result property="name" column="spec_name" />
	       </association>
	      
	       <association property="vein" javaType="Vein">
	          <result property="name" column="vein_name"/>
	       </association>
       </association>
   </resultMap>
   
   <resultMap type="Storage" id="storageOneRusultMap">
      <id property="id" column="id"/>
   	  <result property="area" column="area" />
      <result property="count" column="count" />
      <result property="tenantId" column="tenantId" />
      <result property="floor.id" column="floorId"/>
   </resultMap>
   
   <insert id="insertStorage" parameterType="Storage"
      useGeneratedKeys="true" keyProperty="id">
      insert into 
      tbl_storage
      (floorId,area,count,tenantId)
      values
      (#{floor.id},#{area},#{count},#{tenantId}) 
   </insert>
   
   <select id="findStorage" parameterType="java.util.Map" resultMap="storageOneRusultMap">
      select
      id,area,count,tenantId,floorId
      from
      tbl_storage
      where
      11=11
      and
      floorId=#{floorId}
   </select>
   
   <select id="findStorageInfo" parameterType="map" resultMap="storageInfoResultMap">
      select 
      TS.id AS storage_id,
      TS.floorId AS storage_floorId,
      TS.tenantId AS storage_tenantId,
      TS.area AS storage_area,
      Ts.count AS storage_count,
      TF.number AS floor_number,
      TF.floorName AS floor_name,
      TF.sellPrice AS floor_sellPrice,
      TSP.specName AS spec_name,
      TV.veinName AS vein_name,
      TSI.countInStorage As countInStorage,
      TSI.countOrder AS countOrder,
      TSI.countOrderCancel AS countOrderCancel
      from  tbl_storage TS  
      inner join tbl_floor TF on TF.id = TS.floorId
      inner join tbl_spec TSP on TSP.id = TF.specId
      inner join tbl_vein TV on TV.id = TF.veinId
      inner join tbl_storage_info TSI on TSI.floorId = TS.floorId
      where 11=11
      and TS.floorId = #{floorId}
   </select>
   
   <update id="updateStorage" parameterType="Storage">
      update
      tbl_storage
      set
      area=area + #{area},
      count=count + #{count}
      where
      floorId=#{floorId}
   </update>
   
   <select id="findCountOfStorage" parameterType="java.util.Map" resultType="int">
      select
      count(*)
      from
      tbl_storage TS  
      inner join tbl_floor TF on TF.id = TS.floorId
      where 11=11
      <if test="categoryId > 0">
      and 
      TF.categoryId = #{categoryId}
      </if>
      <if test="specId > 0">
      and
      TF.specId = #{specId}
      </if>
      <if test="colorCodeId > 0">
      and
      TF.colorCodeId = #{colorCodeId}
      </if>
      <if test="veinId > 0">
      and
      TF.veinId = #{veinId}
      </if>
   </select>
   
   <select id="findStorages" parameterType="java.util.Map" resultMap="storageInfoResultMap">
      select 
      TS.id AS storage_id,
      TS.floorId AS storage_floorId,
      TS.tenantId AS storage_tenantId,
      TS.area AS storage_area,
      Ts.count AS storage_count,
      TF.number AS floor_number,
      TF.floorName AS floor_name,
      TF.sellPrice AS floor_sellPrice,
      TSP.specName AS spec_name,
      TV.veinName AS vein_name,
      TSI.countInStorage As countInStorage,
      TSI.countOrder AS countOrder,
      TSI.countOrderCancel AS countOrderCancel
      from  tbl_storage TS  
      inner join tbl_floor TF on TF.id = TS.floorId
      inner join tbl_spec TSP on TSP.id = TF.specId
      inner join tbl_vein TV on TV.id = TF.veinId
      inner join tbl_storage_info TSI on TSI.floorId = TS.floorId
      where 11=11
      <if test="categoryId > 0">
      and 
      TF.categoryId = #{categoryId}
      </if>
      <if test="specId > 0">
      and
      TF.specId = #{specId}
      </if>
      <if test="colorCodeId > 0">
      and
      TF.colorCodeId = #{colorCodeId}
      </if>
      <if test="veinId > 0">
      and
      TF.veinId = #{veinId}
      </if>
      limit #{beginIndex},#{pageSize}
   </select>
</mapper>