<?xml version="1.0" encoding="UTF-8" ?> 
<!DOCTYPE mapper PUBLIC "-//mybatis.org//DTD Mapper 3.0//EN" 
"http://mybatis.org/dtd/mybatis-3-mapper.dtd">
<mapper namespace="com.jw.ess.mapper.SupplierMapper">

    <resultMap type="Supplier" id="supplierResultMap">
       <id property="id" column="id" />
       <result property="name" column="name" />
       <result property="linkman" column="linkman" />
       <result property="phone" column="phone" />
       <result property="address" column="address" />
       <result property="isValid" column="isValid" />
       <result property="createdDate" column="createDate" />
       <result property="desc" column="description" />
       <result property="tenantId" column="tenantId" />
    </resultMap>
    
    <!-- 重用sql语句 -->
    <sql id="SupplierColumns">
       id,supplierName as name,linkman,phone,address,isValid,
	   createdDate,description,tenantId
    </sql>
    
	<insert id="insertSupplier" parameterType="Supplier"
	   useGeneratedKeys="true" keyProperty="id">
	   insert into 
	   tbl_supplier 
	   (supplierName,linkman,phone,address,isValid,
	   createdDate,description,tenantId)
	   values 
	   (#{name},#{linkman},#{phone},#{address},#{isValid},
	   #{createdDate},#{desc},#{tenantId})
	</insert>
	
	<select id="findSupplier" parameterType="Supplier" resultType="Supplier">
	   select <include refid="SupplierColumns"/>
	   from
	   tbl_supplier
	   where
	   11=11
	   and
	   supplierName=#{name}
	   <if test="id>0">
	   and 
	   id != #{id}
	   </if>
	</select>
	
	<update id="updateSupplier" parameterType="int">
	   update
	   tbl_supplier
	   set
	   supplierName=#{name},linkman=#{linkman},phone=#{phone},
	   address=#{address},
	   description=#{desc}
	   where
	   id=#{id}
	</update>
	
	<select id="findSupplierLikeBy" parameterType="Supplier" 
	   resultMap="supplierResultMap">
	   select <include refid="SupplierColumns"/>
	   from
	   tbl_supplier
	   where
	   11=11
	   <if test="name!=null">
	   and
       supplierName like "%"#{name}"%"
       </if>
	</select>
	
	<select id="findSupplierBy" parameterType="int" resultMap="supplierResultMap">
	   select <include refid="SupplierColumns"/>
	   from
	   tbl_supplier
	   where
	   id=#{id}
	</select>
	
</mapper>