<?xml version="1.0" encoding="UTF-8" ?> 
<!DOCTYPE mapper PUBLIC "-//mybatis.org//DTD Mapper 3.0//EN" 
"http://mybatis.org/dtd/mybatis-3-mapper.dtd">
<mapper namespace="com.jw.ess.mapper.TenantMapper">
	<insert id="insertTenant" parameterType="Tenant"
		useGeneratedKeys="true" keyProperty="id">
		insert into
		tbl_tenant(tenantName,createdDate,isValid,isDefault,description)
		values(#{name},#{createdDate},#{isValid},#{isDefault},#{desc})
	</insert>

	<select id="findTenantName" parameterType="Tenant" resultType="string">
		select tenantName from tbl_tenant where tenantName = #{name} and id != #{id}
	</select>
	
	<select id="findTenantsByName" parameterType="string" resultMap="tenantMap">
		select * from tbl_tenant where tenantName like "%"#{name}"%"
	</select>
	
	<select id="findTenantsById" parameterType="int" resultMap="tenantMap">
		select * from tbl_tenant where id = #{id}
	</select>
	
	<resultMap type="Tenant" id="tenantMap">
		<id column="id" property="id" javaType="int"/>
		<result column="tenantName" property="name" javaType="string"/>
		<result column="createdDate" property="createdDate" javaType="int"/>
		<result column="isValid" property="isValid" javaType="int"/>
		<result column="isDefault" property="isDefault" javaType="int"/>
		<result column="description" property="desc" javaType="string"/>
	</resultMap>
	<update id="updateTenant" parameterType="Tenant" >
		update tbl_tenant 
		set
	    tenantName=#{name},
		description=#{desc}
		where id=#{id}
	</update>
	
	<select id="findAllTenants"  resultMap="tenantMap">
		select * from tbl_tenant
	</select>
</mapper>