<?xml version="1.0" encoding="UTF-8" ?> 

<!DOCTYPE mapper PUBLIC "-//mybatis.org//DTD Mapper 3.0//EN" 
"http://mybatis.org/dtd/mybatis-3-mapper.dtd">

<mapper namespace="com.jw.ess.mapper.VeinMapper">

	<!-- 纹理表的 列与实体类赋值关系映射 -->
	<resultMap type="Vein" id="VeinMap">
		<id property="id" column="id"/>
		<result property="name" column="veinName"/>
		<result property="desc" column="description"/>
		<result property="isValid" column="isValid"/>
	</resultMap>
	
	<!-- 插入一条纹理信息 -->
	<insert id="insertVein" parameterType="Vein" useGeneratedKeys="true" keyProperty="id">
		insert into tbl_vein(veinName, description, isValid, tenantId) 
		values 
			(#{name}, #{desc}, #{isValid}, #{tenantId})
	</insert>
	
	<select id="findVienName" parameterType="map" resultType="string">
		select veinName from tbl_vein where veinName = #{veinName} and 11=11
	</select>
	
	<select id="findAllVeins" parameterType="int" resultMap="VeinMap">
		select id, veinName, description, isValid from tbl_vein where 11=11 and isValid = 1;
	</select>
</mapper>